{"type":2300,"data":{"_key":"bubble","_id":"tags/bubble","_rev":"_YwiyTSu---"}}
{"type":2300,"data":{"_key":"reason","_id":"tags/reason","_rev":"_YwiyTSu--A"}}
{"type":2300,"data":{"_key":"limit","_id":"tags/limit","_rev":"_YwiyTSu--C"}}
{"type":2300,"data":{"_key":"jar","_id":"tags/jar","_rev":"_YwiyTSu--E"}}
{"type":2300,"data":{"_key":"twist","_id":"tags/twist","_rev":"_YwiyTSy---"}}
{"type":2300,"data":{"_key":"memory","_id":"tags/memory","_rev":"_YwiyTSy--A"}}
{"type":2300,"data":{"_key":"python","_id":"tags/python","_rev":"_YwiyTSy--C"}}
{"type":2300,"data":{"_key":"chin","_id":"tags/chin","_rev":"_YwiyTSy--E"}}
{"type":2300,"data":{"_key":"price","_id":"tags/price","_rev":"_YwiyTSy--G"}}
{"type":2300,"data":{"_key":"trains","_id":"tags/trains","_rev":"_YwiyTSy--I"}}
{"type":2300,"data":{"_key":"dress","_id":"tags/dress","_rev":"_YwiyTSy--K"}}
{"type":2300,"data":{"_key":"creature","_id":"tags/creature","_rev":"_YwiyTSy--M"}}
{"type":2300,"data":{"_key":"friction","_id":"tags/friction","_rev":"_YwiyTSy--O"}}
{"type":2300,"data":{"_key":"c","_id":"tags/c","_rev":"_YwiyTSy--Q"}}
{"type":2300,"data":{"_key":"rust","_id":"tags/rust","_rev":"_YwiyTSy--S"}}
{"type":2300,"data":{"_key":"dogs","_id":"tags/dogs","_rev":"_YwiyTSy--U"}}
